01/03/2019;Sexta-feira
02/03/2019;Sábado
03/03/2019;Domingo
04/03/2019;Segunda-feira
05/03/2019;Terça-feira
06/03/2019;Quarta-feira
07/03/2019;Quinta-feira
08/03/2019;Sexta-feira
09/03/2019;Sábado
10/03/2019;Domingo
11/03/2019;Segunda-feira
12/03/2019;Terça-feira
13/03/2019;Quarta-feira
14/03/2019;Quinta-feira
15/03/2019;Sexta-feira
16/03/2019;Sábado
17/03/2019;Domingo
18/03/2019;Segunda-feira
19/03/2019;Terça-feira
20/03/2019;Quarta-feira
21/03/2019;Quinta-feira
22/03/2019;Sexta-feira
23/03/2019;Sábado
24/03/2019;Domingo
25/03/2019;Segunda-feira
26/03/2019;Terça-feira
27/03/2019;Quarta-feira
28/03/2019;Quinta-feira
29/03/2019;Sexta-feira
30/03/2019;Sábado
31/03/2019;Domingo
